
<resources>
    <color name="seed">#f26419</color>
    <color name="md_theme_light_primary">#A43D00</color>
    <color name="md_theme_light_onPrimary">#FFFFFF</color>
    <color name="md_theme_light_primaryContainer">#FFDBCD</color>
    <color name="md_theme_light_onPrimaryContainer">#360F00</color>
    <color name="md_theme_light_secondary">#3C57B9</color>
    <color name="md_theme_light_onSecondary">#FFFFFF</color>
    <color name="md_theme_light_secondaryContainer">#DDE1FF</color>
    <color name="md_theme_light_onSecondaryContainer">#001453</color>
    <color name="md_theme_light_tertiary">#006687</color>
    <color name="md_theme_light_onTertiary">#FFFFFF</color>
    <color name="md_theme_light_tertiaryContainer">#C1E8FF</color>
    <color name="md_theme_light_onTertiaryContainer">#001E2B</color>
    <color name="md_theme_light_error">#BA1A1A</color>
    <color name="md_theme_light_errorContainer">#FFDAD6</color>
    <color name="md_theme_light_onError">#FFFFFF</color>
    <color name="md_theme_light_onErrorContainer">#410002</color>
    <color name="md_theme_light_background">#FFFBFF</color>
    <color name="md_theme_light_onBackground">#2A1800</color>
    <color name="md_theme_light_surface">#FFFBFF</color>
    <color name="md_theme_light_onSurface">#2A1800</color>
    <color name="md_theme_light_surfaceVariant">#F5DED6</color>
    <color name="md_theme_light_onSurfaceVariant">#53433E</color>
    <color name="md_theme_light_outline">#85736D</color>
    <color name="md_theme_light_inverseOnSurface">#FFEEDE</color>
    <color name="md_theme_light_inverseSurface">#462A00</color>
    <color name="md_theme_light_inversePrimary">#FFB597</color>
    <color name="md_theme_light_shadow">#000000</color>
    <color name="md_theme_light_surfaceTint">#A43D00</color>
    <color name="md_theme_light_outlineVariant">#D8C2BA</color>
    <color name="md_theme_light_scrim">#000000</color>
    <color name="md_theme_dark_primary">#FFB597</color>
    <color name="md_theme_dark_onPrimary">#591D00</color>
    <color name="md_theme_dark_primaryContainer">#7D2D00</color>
    <color name="md_theme_dark_onPrimaryContainer">#FFDBCD</color>
    <color name="md_theme_dark_secondary">#B7C4FF</color>
    <color name="md_theme_dark_onSecondary">#002584</color>
    <color name="md_theme_dark_secondaryContainer">#203DA0</color>
    <color name="md_theme_dark_onSecondaryContainer">#DDE1FF</color>
    <color name="md_theme_dark_tertiary">#74D1FF</color>
    <color name="md_theme_dark_onTertiary">#003548</color>
    <color name="md_theme_dark_tertiaryContainer">#004D67</color>
    <color name="md_theme_dark_onTertiaryContainer">#C1E8FF</color>
    <color name="md_theme_dark_error">#FFB4AB</color>
    <color name="md_theme_dark_errorContainer">#93000A</color>
    <color name="md_theme_dark_onError">#690005</color>
    <color name="md_theme_dark_onErrorContainer">#FFDAD6</color>
    <color name="md_theme_dark_background">#2A1800</color>
    <color name="md_theme_dark_onBackground">#FFDDB6</color>
    <color name="md_theme_dark_surface">#2A1800</color>
    <color name="md_theme_dark_onSurface">#FFDDB6</color>
    <color name="md_theme_dark_surfaceVariant">#53433E</color>
    <color name="md_theme_dark_onSurfaceVariant">#D8C2BA</color>
    <color name="md_theme_dark_outline">#A08D86</color>
    <color name="md_theme_dark_inverseOnSurface">#2A1800</color>
    <color name="md_theme_dark_inverseSurface">#FFDDB6</color>
    <color name="md_theme_dark_inversePrimary">#A43D00</color>
    <color name="md_theme_dark_shadow">#000000</color>
    <color name="md_theme_dark_surfaceTint">#FFB597</color>
    <color name="md_theme_dark_outlineVariant">#53433E</color>
    <color name="md_theme_dark_scrim">#000000</color>
    <color name="CustomColor1">#F3A8C6</color>
</resources>
